processid	sampleid	recordID	catalognum	fieldnum	institution_storing	collection_code	bin_uri	phylum_taxID	phylum_name	class_taxID	class_name	order_taxID	order_name	family_taxID	family_name	subfamily_taxID	subfamily_name	genus_taxID	genus_name	species_taxID	species_name	subspecies_taxID	subspecies_name	identification_provided_by	identification_method	identification_reference	tax_note	voucher_status	tissue_type	collection_event_id	collectors	collectiondate_start	collectiondate_end	collectiontime	collection_note	site_code	sampling_protocol	lifestage	sex	reproduction	habitat	associated_specimens	associated_taxa	extrainfo	notes	lat	lon	coord_source	coord_accuracy	elev	depth	elev_accuracy	depth_accuracy	country	province_state	region	sector	exactsite	image_ids	image_urls	media_descriptors	captions	copyright_holders	copyright_years	copyright_licenses	copyright_institutions	photographers
BISE040-07	BISE-Aves47	634135	NRM986283	NA	Swedish Museum of Natural History	NA	BOLD:AAD2227	18	Chordata	51	Aves	324	Apodiformes	1470	Apodidae	NA	NA	4643	Apus	9912	Apus apus	NA	NA	NA	NA	Linnaeus, 1758	NA	NA	NA	NA	NA	NA	NA	NA	NA	NA	NA	A	NA	S	NA	NA	NA	NA	NA	58.8979	17.8453	NA	NA	NA	NA	NA	NA	Sweden	Sodermanland	Sodermanland	NA	Manstorpsv. 2, Tullinge	NA	NA	NA	NA	NA	NA	NA	NA	NA
BISE309-08	BISE-Aves316	816851	NRM20076554	NA	Swedish Museum of Natural History	NA	BOLD:AAD2227	18	Chordata	51	Aves	324	Apodiformes	1470	Apodidae	NA	NA	4643	Apus	9912	Apus apus	NA	NA	NA	NA	Linnaeus, 1758	NA	NA	NA	NA	NA	NA	NA	NA	NA	NA	NA	A	M	S	NA	NA	NA	NA	NA	59.1827	15.4129	NA	NA	NA	NA	NA	NA	Sweden	Orebro	Kvismaren, Norrbyas nagra 100 m V om Fagelstationen	Kvismaren, birdstation	NA	NA	NA	NA	NA	NA	NA	NA	NA	NA
BON057-06	NHMO-BC57	298019	NA	NHMO-BI-38969	University of Oslo, Natural History Museum	NA	BOLD:AAD2227	18	Chordata	51	Aves	324	Apodiformes	1470	Apodidae	NA	NA	4643	Apus	9912	Apus apus	NA	NA	Jan T. Lifjeld	NA	Linnaeus, 1758	NA	NA	NA	NA	Jan T. Lifjeld	NA	NA	NA	NA	NA	NA	A	U	NA	NA	NA	NA	NA	NA	59.2	9.417	NA	NA	NA	NA	NA	NA	Norway	Telemark	NA	NA	Skien	NA	NA	NA	NA	NA	NA	NA	NA	NA
BON058-06	NHMO-BC58	298020	NA	NHMO-BI-38975	University of Oslo, Natural History Museum	NA	BOLD:AAD2227	18	Chordata	51	Aves	324	Apodiformes	1470	Apodidae	NA	NA	4643	Apus	9912	Apus apus	NA	NA	Jan T. Lifjeld	NA	Linnaeus, 1758	NA	NA	NA	NA	Jan T. Lifjeld	NA	NA	NA	NA	NA	NA	A	U	NA	NA	NA	NA	NA	NA	59.2	9.417	NA	NA	NA	NA	NA	NA	Norway	Telemark	NA	NA	Skien	NA	NA	NA	NA	NA	NA	NA	NA	NA
BOTW090-04	USNM 607660	11869	USNM:607660	B01146	Smithsonian Institution, National Museum of Natural History	NA	BOLD:AAE1088	18	Chordata	51	Aves	324	Apodiformes	1470	Apodidae	NA	NA	4641	Chaetura	9918	Chaetura pelagica	NA	NA	NA	NA	Linnaeus, 1758	NA	NA	NA	NA	NA	NA	NA	NA	NA	NA	NA	NA	M	NA	NA	NA	NA	NA	<xml><field_number>B01146</field_number><reprod>S</reprod><acronym>USNM</acronym><donator>Carla J. Dove</donator><voucher>Unknown</voucher><tissue>Only sequence submitted</tissue></xml>	9.15	-82.033	NA	NA	NA	NA	NA	NA	Panama	Bocas Del Toro	NA	Cayo Agua, Near Punta Limon	NA	NA	NA	NA	NA	NA	NA	NA	NA	NA
BROMB536-07	AJB 5636	539077	156754	AJB 5636	Royal Ontario Museum	NA	BOLD:AAE4058	18	Chordata	51	Aves	324	Apodiformes	1470	Apodidae	NA	NA	52561	Hirundapus	52562	Hirundapus caudacutus	NA	NA	NA	NA	Latham, 1802	NA	NA	NA	NA	Baker, A. J.	NA	NA	NA	NA	NA	NA	I	M	S	NA	NA	NA	ssp:caudacuta	voucher kind: skin; skeleton	-30.19	153.08	NA	NA	NA	NA	NA	NA	Australia	New South Wales	NA	NA	Coff's Harbour	319490|319489|319488	http://www.boldsystems.org/pics/BROMB/BROMB536-07_-_156754_LL+1219158672.JPG|http://www.boldsystems.org/pics/BROMB/BROMB536-07_-_156754_D+1219158578.JPG|http://www.boldsystems.org/pics/BROMB/BROMB536-07_-_156754_B+1219158632.JPG	Lateral|Dorsal|	skeleton|skeleton|	Erika Tavares|Erika Tavares|Erika Tavares	2010|2010|2010	CreativeCommons - Attribution|CreativeCommons - Attribution|CreativeCommons - Attribution	Royal Ontario Museum|Royal Ontario Museum|Royal Ontario Museum	ROM-Ornithology|ROM-Ornithology|ROM-Ornithology
CANDE045-20	LCA26	11980531	NA	LCA26	Universidad EAFIT	NA	BOLD:AAK0488	18	Chordata	51	Aves	324	Apodiformes	1470	Apodidae	NA	NA	4641	Chaetura	114681	Chaetura brachyura	NA	NA	Paulo C Pulgarin	NA	Jardine, 1846	NA	NA	NA	NA	Paulo Pulgarin	NA	NA	NA	NA	NA	NA	NA	NA	NA	NA	NA	NA	NA	NA	8.003	-75.401	NA	NA	NA	NA	NA	NA	Colombia	Cordoba	NA	Montelibano	Universidad de Antioquia farm	NA	NA	NA	NA	NA	NA	NA	NA	NA
CANDE046-20	LCA27	11980532	NA	LCA27	Universidad EAFIT	NA	BOLD:AAK0488	18	Chordata	51	Aves	324	Apodiformes	1470	Apodidae	NA	NA	4641	Chaetura	114681	Chaetura brachyura	NA	NA	Paulo C Pulgarin	NA	Jardine, 1846	NA	NA	NA	NA	Paulo Pulgarin	NA	NA	NA	NA	NA	NA	NA	NA	NA	NA	NA	NA	NA	NA	8.003	-75.401	NA	NA	NA	NA	NA	NA	Colombia	Cordoba	NA	Montelibano	Universidad de Antioquia farm	NA	NA	NA	NA	NA	NA	NA	NA	NA
CANDE047-20	LCA28	11980533	NA	LCA28	Universidad EAFIT	NA	BOLD:AAK0488	18	Chordata	51	Aves	324	Apodiformes	1470	Apodidae	NA	NA	4641	Chaetura	114681	Chaetura brachyura	NA	NA	Paulo C Pulgarin	NA	Jardine, 1846	NA	NA	NA	NA	Paulo Pulgarin	NA	NA	NA	NA	NA	NA	NA	NA	NA	NA	NA	NA	NA	NA	8.003	-75.401	NA	NA	NA	NA	NA	NA	Colombia	Cordoba	NA	Montelibano	Universidad de Antioquia farm	NA	NA	NA	NA	NA	NA	NA	NA	NA
CDAMH106-05	AMNH-DOT9702	57584	9702	NA	American Museum of Natural History	NA	BOLD:AAI0032	18	Chordata	51	Aves	324	Apodiformes	1470	Apodidae	NA	NA	7429	Streptoprocne	9915	Streptoprocne zonaris	NA	NA	NA	NA	Shaw, 1796	NA	NA	NA	NA	NA	NA	NA	NA	NA	NA	NA	NA	M	NA	NA	NA	NA	White-collared Swift	PRS791: <xml><donor>C.Dove</donor><donor_e-mail>DOVEC@SI.EDU</donor_e-mail><collection_code>DOT</collection_code></xml>	NA	NA	NA	NA	NA	NA	NA	NA	Venezuela	Bolivar	Cerro Guanay	NA	CAMP 1	NA	NA	NA	NA	NA	NA	NA	NA	NA
CMCPB061-10	B38103	1334605	B38103	NMPCMNHB1394	Cincinnati Museum Center	NA	BOLD:AAR9958	18	Chordata	51	Aves	324	Apodiformes	1470	Apodidae	NA	NA	114688	Collocalia	114689	Collocalia esculenta	NA	NA	Robert S. Kennedy	NA	Linnaeus, 1758	NA	Museum Vouchered	NA	NA	Kennedy, R. S.	NA	NA	NA	NA	NA	NA	NA	NA	NA	NA	NA	NA	study skin	NA	7.01	125.37	NA	NA	NA	NA	NA	NA	Philippines	Davao	Davao del Sur; Davao City, Mindanao	Torin	Mount Talomo Parks and Wildlife Nature Center	NA	NA	NA	NA	NA	NA	NA	NA	NA
CMCPB079-11	NMPCMNHB376	2332321	NA	NMPCMNHB376	Cincinnati Museum Center	NA	NA	18	Chordata	51	Aves	324	Apodiformes	1470	Apodidae	NA	NA	114688	Collocalia	114689	Collocalia esculenta	NA	NA	Robert S. Kennedy	NA	Linnaeus, 1758	NA	NA	NA	NA	Kennedy, R. S.	NA	NA	NA	NA	NA	NA	NA	NA	NA	NA	NA	NA	NA	NA	NA	NA	NA	NA	NA	NA	NA	NA	Philippines	NA	Luzon	NA	NA	NA	NA	NA	NA	NA	NA	NA	NA	NA
FRANT019-15	ANT019-EP	5705492	NA	ANT019	Museum National d'Histoire Naturelle, Paris	NA	NA	18	Chordata	51	Aves	324	Apodiformes	1470	Apodidae	NA	NA	106835	Cypseloides	114696	Cypseloides niger	NA	NA	P. Villard	NA	Gmelin, 1789	NA	NA	Blood	NA	VILLARD P.	NA	NA	NA	NA	NA	NA	NA	NA	NA	NA	NA	NA	NA	NA	NA	NA	NA	NA	NA	NA	NA	NA	Guadeloupe	NA	NA	NA	Basse Terre, Riviere Beaugendre	NA	NA	NA	NA	NA	NA	NA	NA	NA
GBIR0068-06	AF543534	473948	NA	NA	Mined from GenBank, NCBI	NA	BOLD:AAD2227	18	Chordata	51	Aves	324	Apodiformes	1470	Apodidae	NA	NA	4643	Apus	9912	Apus apus	NA	NA	NA	NA	Linnaeus, 1758	NA	NA	NA	NA	NA	NA	NA	NA	NA	NA	NA	NA	NA	NA	NA	NA	NA	NA	NA	NA	NA	NA	NA	NA	NA	NA	NA	NA	NA	NA	NA	NA	NA	NA	NA	NA	NA	NA	NA	NA	NA
GBIR0311-06	U83786	507644	NA	NA	Mined from GenBank, NCBI	NA	NA	18	Chordata	51	Aves	324	Apodiformes	1470	Apodidae	NA	NA	4641	Chaetura	32033	Chaetura cinereiventris	NA	NA	NA	NA	P. L. Sclater, 1862	NA	NA	NA	NA	NA	NA	NA	NA	NA	NA	NA	NA	NA	NA	NA	NA	NA	NA	NA	NA	NA	NA	NA	NA	NA	NA	NA	NA	NA	NA	NA	NA	NA	NA	NA	NA	NA	NA	NA	NA	NA
GBIR10820-19	MF579506	9769668	NA	NA	Mined from GenBank, NCBI	NA	BOLD:AAD2227	18	Chordata	51	Aves	324	Apodiformes	1470	Apodidae	NA	NA	4643	Apus	9912	Apus apus	NA	NA	NA	NA	Linnaeus, 1758	NA	NA	NA	NA	NA	NA	NA	NA	NA	NA	NA	NA	NA	NA	NA	NA	NA	NA	NA	NA	NA	NA	NA	NA	NA	NA	NA	Italy	NA	NA	NA	NA	NA	NA	NA	NA	NA	NA	NA	NA	NA
GBIR10821-19	MF579507	9769670	NA	NA	Mined from GenBank, NCBI	NA	BOLD:AAD2227	18	Chordata	51	Aves	324	Apodiformes	1470	Apodidae	NA	NA	4643	Apus	9912	Apus apus	NA	NA	NA	NA	Linnaeus, 1758	NA	NA	NA	NA	NA	NA	NA	NA	NA	NA	NA	NA	NA	NA	NA	NA	NA	NA	NA	NA	NA	NA	NA	NA	NA	NA	NA	Italy	NA	NA	NA	NA	NA	NA	NA	NA	NA	NA	NA	NA	NA
GBIR10822-19	MF579508	9769672	NA	NA	Mined from GenBank, NCBI	NA	BOLD:AAD2227	18	Chordata	51	Aves	324	Apodiformes	1470	Apodidae	NA	NA	4643	Apus	114679	Apus pallidus	NA	NA	NA	NA	Shelley, 1870	NA	NA	NA	NA	NA	NA	NA	NA	NA	NA	NA	NA	NA	NA	NA	NA	NA	NA	NA	NA	NA	NA	NA	NA	NA	NA	NA	Italy	NA	NA	NA	NA	NA	NA	NA	NA	NA	NA	NA	NA	NA
GBIR10825-19	MF579511	9769678	NA	NA	Mined from GenBank, NCBI	NA	BOLD:AAJ8912	18	Chordata	51	Aves	324	Apodiformes	1470	Apodidae	NA	NA	4643	Apus	114668	Apus affinis	NA	NA	NA	NA	J. E. Gray, 1830	NA	NA	NA	NA	NA	NA	NA	NA	NA	NA	NA	NA	NA	NA	NA	NA	NA	NA	NA	NA	NA	NA	NA	NA	NA	NA	NA	Burkina Faso	NA	NA	NA	NA	NA	NA	NA	NA	NA	NA	NA	NA	NA
GBIR11093-19	NC_034933	9770212	NA	NA	Mined from GenBank, NCBI	NA	BOLD:AAJ3524	18	Chordata	51	Aves	324	Apodiformes	1470	Apodidae	NA	NA	106835	Cypseloides	114694	Cypseloides fumigatus	NA	NA	NA	NA	Streubel, 1848	NA	NA	NA	NA	NA	NA	NA	NA	NA	NA	NA	NA	NA	NA	NA	NA	NA	NA	NA	NA	NA	NA	NA	NA	NA	NA	NA	Brazil	NA	NA	NA	NA	NA	NA	NA	NA	NA	NA	NA	NA	NA
GBIR1428-09	AY275862	1035197	AY275862	NA	Mined from GenBank, NCBI	NA	BOLD:AAJ8912	18	Chordata	51	Aves	324	Apodiformes	1470	Apodidae	NA	NA	4643	Apus	9912	Apus apus	NA	NA	NA	NA	Linnaeus, 1758	NA	NA	NA	NA	NA	NA	NA	NA	NA	NA	NA	NA	NA	NA	NA	NA	NA	NA	NA	NA	NA	NA	NA	NA	NA	NA	NA	NA	NA	NA	NA	NA	NA	NA	NA	NA	NA	NA	NA	NA	NA
GBIR5318-13	KC439305	3659828	KC439305	KC439305	Mined from GenBank, NCBI	NA	BOLD:AAJ8912	18	Chordata	51	Aves	324	Apodiformes	1470	Apodidae	NA	NA	4643	Apus	114668	Apus affinis	NA	NA	NA	NA	J. E. Gray, 1830	NA	NA	NA	NA	NA	NA	NA	NA	NA	NA	NA	NA	NA	NA	NA	NA	NA	NA	NA	NA	NA	NA	NA	NA	NA	NA	NA	India	NA	NA	NA	NA	NA	NA	NA	NA	NA	NA	NA	NA	NA
GBIR9387-19	KP975256	9766800	NA	NA	Mined from GenBank, NCBI	NA	BOLD:AAJ8912	18	Chordata	51	Aves	324	Apodiformes	1470	Apodidae	NA	NA	4643	Apus	114668	Apus affinis	NA	NA	NA	NA	J. E. Gray, 1830	NA	NA	NA	NA	NA	NA	NA	NA	NA	NA	NA	NA	NA	NA	NA	NA	NA	NA	NA	NA	NA	NA	NA	NA	NA	NA	NA	India	NA	NA	NA	NA	NA	NA	NA	NA	NA	NA	NA	NA	NA
GBIR9388-19	KP975247	9766802	NA	NA	Mined from GenBank, NCBI	NA	BOLD:AAJ8912	18	Chordata	51	Aves	324	Apodiformes	1470	Apodidae	NA	NA	4643	Apus	114668	Apus affinis	NA	NA	NA	NA	J. E. Gray, 1830	NA	NA	NA	NA	NA	NA	NA	NA	NA	NA	NA	NA	NA	NA	NA	NA	NA	NA	NA	NA	NA	NA	NA	NA	NA	NA	NA	India	NA	NA	NA	NA	NA	NA	NA	NA	NA	NA	NA	NA	NA
GBIR9389-19	KY350191	9766804	NA	NA	Mined from GenBank, NCBI	NA	BOLD:ACB3451	18	Chordata	51	Aves	324	Apodiformes	1470	Apodidae	NA	NA	114637	Aerodramus	114642	Aerodramus fuciphagus	NA	NA	NA	NA	Thunberg, 1812	NA	NA	NA	NA	NA	NA	NA	NA	NA	NA	NA	NA	NA	NA	NA	NA	NA	NA	NA	NA	NA	NA	NA	NA	NA	NA	NA	Thailand	NA	NA	NA	NA	NA	NA	NA	NA	NA	NA	NA	NA	NA
GBIR9391-19	KY350183	9766808	NA	NA	Mined from GenBank, NCBI	NA	BOLD:ACB3451	18	Chordata	51	Aves	324	Apodiformes	1470	Apodidae	NA	NA	114637	Aerodramus	114642	Aerodramus fuciphagus	NA	NA	NA	NA	Thunberg, 1812	NA	NA	NA	NA	NA	NA	NA	NA	NA	NA	NA	NA	NA	NA	NA	NA	NA	NA	NA	NA	NA	NA	NA	NA	NA	NA	NA	China	NA	NA	NA	NA	NA	NA	NA	NA	NA	NA	NA	NA	NA
GBIR9392-19	KY350184	9766810	NA	NA	Mined from GenBank, NCBI	NA	BOLD:ACB3451	18	Chordata	51	Aves	324	Apodiformes	1470	Apodidae	NA	NA	114637	Aerodramus	114642	Aerodramus fuciphagus	NA	NA	NA	NA	Thunberg, 1812	NA	NA	NA	NA	NA	NA	NA	NA	NA	NA	NA	NA	NA	NA	NA	NA	NA	NA	NA	NA	NA	NA	NA	NA	NA	NA	NA	Malaysia	NA	NA	NA	NA	NA	NA	NA	NA	NA	NA	NA	NA	NA
GBIR9393-19	KY350189	9766812	NA	NA	Mined from GenBank, NCBI	NA	BOLD:ACB3451	18	Chordata	51	Aves	324	Apodiformes	1470	Apodidae	NA	NA	114637	Aerodramus	114642	Aerodramus fuciphagus	NA	NA	NA	NA	Thunberg, 1812	NA	NA	NA	NA	NA	NA	NA	NA	NA	NA	NA	NA	NA	NA	NA	NA	NA	NA	NA	NA	NA	NA	NA	NA	NA	NA	NA	China	NA	NA	NA	NA	NA	NA	NA	NA	NA	NA	NA	NA	NA
GBMIN134598-17	KY242302	8495521	NA	KY242302	Mined from GenBank, NCBI	NA	BOLD:AAJ8912	18	Chordata	51	Aves	324	Apodiformes	1470	Apodidae	NA	NA	4643	Apus	114678	Apus nipalensis	NA	NA	NA	NA	Hodgson, 1837	NA	NA	NA	NA	NA	NA	NA	NA	NA	NA	NA	NA	NA	NA	NA	NA	NA	NA	NA	49.3	-123.12	NA	NA	NA	NA	NA	NA	Canada	NA	NA	NA	NA	NA	NA	NA	NA	NA	NA	NA	NA	NA
GBMNA11074-19	AM237310	9628072	NA	AM237310	Mined from GenBank, NCBI	NA	BOLD:AAD2227	18	Chordata	51	Aves	324	Apodiformes	1470	Apodidae	NA	NA	4643	Apus	9912	Apus apus	NA	NA	NA	NA	Linnaeus, 1758	NA	NA	NA	NA	NA	NA	NA	NA	NA	NA	NA	NA	NA	NA	NA	NA	NA	NA	NA	NA	NA	NA	NA	NA	NA	NA	NA	Sweden	NA	NA	NA	NA	NA	NA	NA	NA	NA	NA	NA	NA	NA
GBMNA11076-19	KY688216	9628074	NA	KY688216	Mined from GenBank, NCBI	NA	BOLD:AAJ3524	18	Chordata	51	Aves	324	Apodiformes	1470	Apodidae	NA	NA	106835	Cypseloides	114694	Cypseloides fumigatus	NA	NA	NA	NA	Streubel, 1848	NA	NA	NA	NA	NA	NA	NA	NA	NA	NA	NA	NA	NA	NA	NA	NA	NA	NA	NA	NA	NA	NA	NA	NA	NA	NA	NA	Brazil	NA	NA	NA	NA	NA	NA	NA	NA	NA	NA	NA	NA	NA
GBMNC111-20	MT773173	12374727	NA	MT773173	Mined from GenBank, NCBI	NA	BOLD:AAD2227	18	Chordata	51	Aves	324	Apodiformes	1470	Apodidae	NA	NA	4643	Apus	9912	Apus apus	NA	NA	NA	NA	Linnaeus, 1758	NA	NA	NA	NA	NA	NA	NA	NA	NA	NA	NA	NA	NA	NA	NA	NA	NA	NA	NA	NA	NA	NA	NA	NA	NA	NA	NA	Russia	NA	NA	NA	NA	NA	NA	NA	NA	NA	NA	NA	NA	NA
GBMNC113-20	MT773158	12374729	NA	MT773158	Mined from GenBank, NCBI	NA	BOLD:AAD2227	18	Chordata	51	Aves	324	Apodiformes	1470	Apodidae	NA	NA	4643	Apus	9912	Apus apus	NA	NA	NA	NA	Linnaeus, 1758	NA	NA	NA	NA	NA	NA	NA	NA	NA	NA	NA	NA	NA	NA	NA	NA	NA	NA	NA	NA	NA	NA	NA	NA	NA	NA	NA	Russia	NA	NA	NA	NA	NA	NA	NA	NA	NA	NA	NA	NA	NA
HCBR139-03	1B-3083	4327	1B-3083	NA	Royal Ontario Museum	NA	BOLD:AAE1088	18	Chordata	51	Aves	324	Apodiformes	1470	Apodidae	NA	NA	4641	Chaetura	9918	Chaetura pelagica	NA	NA	NA	NA	Linnaeus, 1758	NA	NA	NA	NA	NA	NA	NA	NA	NA	NA	NA	NA	U	NA	NA	NA	NA	NA	NA	43.6667	-79.4167	NA	NA	NA	NA	NA	NA	Canada	Ontario	Toronto	NA	Yonge St at Eglinton Ave	NA	NA	NA	NA	NA	NA	NA	NA	NA
KBPBU427-06	UWBM 46961	216933	46961	BKS 1030	Burke Museum of Natural History and Culture	NA	BOLD:AAF5526	18	Chordata	51	Aves	324	Apodiformes	1470	Apodidae	NA	NA	4643	Apus	52560	Apus pacificus	NA	NA	NA	NA	Latham, 1802	NA	NA	NA	NA	B. K. Schmidt	NA	NA	NA	NA	NA	NA	NA	F	NA	NA	NA	NA	Pacific Swift	Voucher type: round/wing	46.1167	141.933	NA	NA	NA	NA	NA	NA	Russia	Sakhalinskaya Oblast	NA	NA	south end of Sakhalin	NA	NA	NA	NA	NA	NA	NA	NA	NA
KBPBU428-06	UWBM 47229	216934	47229	SAR 6453	Burke Museum of Natural History and Culture	NA	BOLD:AAE4058	18	Chordata	51	Aves	324	Apodiformes	1470	Apodidae	NA	NA	52561	Hirundapus	52562	Hirundapus caudacutus	NA	NA	NA	NA	Latham, 1802	NA	NA	NA	NA	S. A. Rohwer	NA	NA	NA	NA	NA	NA	NA	F	NA	NA	NA	NA	White-throated Needletail	Voucher type: round	49.75	137.117	NA	NA	NA	NA	NA	NA	Russia	Khabarovskiy Kray	NA	Troitskoye	Ozero Dzhalunskoye	NA	NA	NA	NA	NA	NA	NA	NA	NA
KBPBU429-06	UWBM 47344	216935	47344	SVD 249	Burke Museum of Natural History and Culture	NA	BOLD:AAE4058	18	Chordata	51	Aves	324	Apodiformes	1470	Apodidae	NA	NA	52561	Hirundapus	52562	Hirundapus caudacutus	NA	NA	NA	NA	Latham, 1802	NA	NA	NA	NA	S. V. Drovetski	NA	NA	NA	NA	NA	NA	NA	M	NA	NA	NA	NA	White-throated Needletail	Voucher type: round/wing	50.9333	137.45	NA	NA	NA	NA	NA	NA	Russia	Khabarovskiy Kray	NA	Khurmuli	confluence of Goryun River and Khaldamy Creek	NA	NA	NA	NA	NA	NA	NA	NA	NA
KBPBU430-06	UWBM 47444	216936	47444	TY 128	Burke Museum of Natural History and Culture	NA	BOLD:AAE4058	18	Chordata	51	Aves	324	Apodiformes	1470	Apodidae	NA	NA	52561	Hirundapus	52562	Hirundapus caudacutus	NA	NA	NA	NA	Latham, 1802	NA	NA	NA	NA	T. Yuri	NA	NA	NA	NA	NA	NA	NA	F	NA	NA	NA	NA	White-throated Needletail	Voucher type: round/wing	50.933	137.45	NA	NA	NA	NA	NA	NA	Russia	Khabarovskiy Kray	NA	Khurmuli	confluence of Goryun River and Khaldamy Creek	NA	NA	NA	NA	NA	NA	NA	NA	NA
KKBNA179-05	USNM 621130	39693	USNM:621130	NA	Smithsonian Institution, National Museum of Natural History	NA	BOLD:AAE6223	18	Chordata	51	Aves	324	Apodiformes	1470	Apodidae	NA	NA	7430	Aeronautes	9910	Aeronautes saxatalis	NA	NA	NA	NA	Woodhouse, 1853	NA	NA	NA	NA	NA	NA	NA	NA	NA	NA	NA	NA	M	NA	NA	NA	NA	B07621	NA	47.13	-119.28	NA	NA	NA	NA	NA	NA	United States	Washington	Grant	Vantage	8 Mi N, 1 Mi W, Frenchman Coulee	NA	NA	NA	NA	NA	NA	NA	NA	NA
KKBNA385-05	UWBM 74113	42511	74113	NA	Burke Museum of Natural History and Culture	NA	BOLD:AAD2409	18	Chordata	51	Aves	324	Apodiformes	1470	Apodidae	NA	NA	4641	Chaetura	9919	Chaetura vauxi	NA	NA	NA	NA	J. K. Townsend, 1839	NA	NA	NA	NA	NA	NA	NA	NA	NA	NA	NA	A	F	S	NA	NA	NA	NA	<xml><field_number>BMA 022, Acc. 1999-063</field_number><reprod_cond>Ovary: 7 x 4 mm, ova <1 mm; ventral apterium downy</reprod_cond><acronym>UWBM</acronym><donator>Sharon Birks</donator><voucher>round/wing</voucher></xml>Prep: B. M. Altman 22 Salvaged; Molt: none; Misc: wingspan 266 mm, wing chord 113 mm; skull and bursa checked by C. E. Filardi; stomach contents unknown body parts	44.25	-119.06	NA	NA	NA	NA	NA	NA	United States	Oregon	Grant	Mount Vernon, U. S. Highway 26	NA	NA	NA	NA	NA	NA	NA	NA	NA	NA
KKBNA417-05	UWBM 68269	42543	68269	NA	Burke Museum of Natural History and Culture	NA	BOLD:AAD2409	18	Chordata	51	Aves	324	Apodiformes	1470	Apodidae	NA	NA	4641	Chaetura	9919	Chaetura vauxi	NA	NA	NA	NA	J. K. Townsend, 1839	NA	NA	NA	NA	S. V. Drovetskiy	NA	NA	NA	NA	NA	NA	A	F	S	NA	NA	NA	NA	<xml><field_number>CSW 6295, Acc. 2001-066</field_number><reprod_cond>Ovary: 8 x 6 mm, two enlarged ova 9, 6 mm, other follicles 22 mm; oviduct 8 mm at cloaca</reprod_cond><acronym>UWBM</acronym><donator>Sharon Birks</donator><voucher>round/wing</voucher></xml>Prep: C. S. Wood 6295 Coll: S. V. Drovetskiy; Molt: none; Misc: shot; wingspan 272 mm	48.8167	-121.933	NA	NA	1280	NA	NA	NA	United States	Washington	Whatcom	Mount Baker summit	NA	NA	NA	NA	NA	NA	NA	NA	NA	NA
KKBNA735-05	UWBM 59078	47534	59078	NA	Burke Museum of Natural History and Culture	NA	BOLD:AAD2409	18	Chordata	51	Aves	324	Apodiformes	1470	Apodidae	NA	NA	4641	Chaetura	9919	Chaetura vauxi	NA	NA	NA	NA	J. K. Townsend, 1839	NA	NA	NA	NA	S. V. Drovetskiy	NA	NA	NA	NA	NA	NA	A	F	S	NA	NA	NA	NA	Prep: S. V. Drovetskiy 971 Coll: S. V. Drovetskiy; Molt: none; Misc: shot	46	-117.367	NA	NA	457	NA	NA	NA	United States	Washington	Asotin	Asotin, Grande Ronde River	NA	NA	NA	NA	NA	NA	NA	NA	NA	NA
KKBNA736-05	UWBM 59079	47535	59079	NA	Burke Museum of Natural History and Culture	NA	BOLD:AAD2409	18	Chordata	51	Aves	324	Apodiformes	1470	Apodidae	NA	NA	4641	Chaetura	9919	Chaetura vauxi	NA	NA	NA	NA	J. K. Townsend, 1839	NA	NA	NA	NA	S. V. Drovetskiy	NA	NA	NA	NA	NA	NA	A	M	S	NA	NA	NA	NA	Prep: S. V. Drovetskiy 972 Coll: S. V. Drovetskiy; Molt: none; Misc: shot	46	-117.367	NA	NA	457	NA	NA	NA	United States	Washington	Asotin	Asotin, Grande Ronde River	NA	NA	NA	NA	NA	NA	NA	NA	NA	NA
LGEMA006-07	LGEMA-51	679300	MZUSP-pending	315	Universidade de Sao Paulo, Instituto de Biociencias	NA	NA	18	Chordata	51	Aves	324	Apodiformes	1470	Apodidae	NA	NA	7429	Streptoprocne	111242	Streptoprocne biscutata	NA	NA	NA	NA	P. L. Sclater, 1866	NA	NA	NA	NA	NA	NA	NA	NA	NA	NA	NA	NA	NA	S	NA	NA	NA	NA	NA	-9.56667	-45.4667	NA	NA	NA	NA	NA	NA	Brazil	Piaui	NA	NA	PN Serra das Confusoes	NA	NA	NA	NA	NA	NA	NA	NA	NA
MPBM079-17	NMW 95220	7563953	NMW 95220	NA	Naturhistorisches Museum Wien	NA	BOLD:AAD2227	18	Chordata	51	Aves	324	Apodiformes	1470	Apodidae	NA	NA	4643	Apus	9912	Apus apus	NA	NA	NA	NA	Linnaeus, 1758	NA	NA	NA	NA	NA	NA	NA	NA	NA	NA	NA	NA	NA	NA	NA	NA	NA	NA	NA	48.64	15.82	NA	0.02	NA	NA	NA	NA	Austria	Lower Austria	NA	NA	Eggenburg	NA	NA	NA	NA	NA	NA	NA	NA	NA
SIBSI075-19	UWBM 114380	10746292	UWBM:Birds:114380	UWBM 114380	Burke Museum of Natural History and Culture	NA	BOLD:AAJ3524	18	Chordata	51	Aves	324	Apodiformes	1470	Apodidae	NA	NA	106835	Cypseloides	114696	Cypseloides niger	NA	NA	NA	NA	Gmelin, 1789	NA	Vouchered:Registered Collection	NA	NA	NA	NA	NA	NA	NA	NA	NA	NA	NA	NA	NA	NA	NA	NA	NA	28.6329	-108.269	NA	NA	NA	NA	NA	NA	Mexico	Chihuahua	Madera	NA	60km SSW Sierra Madre Occidental	NA	NA	NA	NA	NA	NA	NA	NA	NA
SIBSI076-19	UWBM 91683	10746293	UWBM:Birds:91683	UWBM 91683	Burke Museum of Natural History and Culture	NA	BOLD:AAJ3524	18	Chordata	51	Aves	324	Apodiformes	1470	Apodidae	NA	NA	106835	Cypseloides	114696	Cypseloides niger	NA	NA	NA	NA	Gmelin, 1789	NA	Vouchered:Registered Collection	NA	NA	NA	NA	NA	NA	NA	NA	NA	NA	NA	NA	NA	NA	NA	NA	NA	NA	NA	NA	NA	NA	NA	NA	NA	United States	Washington	King Co.	NA	SeaTac Airport	NA	NA	NA	NA	NA	NA	NA	NA	NA
USNMA415-10	B03797	1608355	607336	95954041	Smithsonian Institution, National Museum of Natural History	NA	BOLD:AAN4073	18	Chordata	51	Aves	324	Apodiformes	1470	Apodidae	NA	NA	114688	Collocalia	114691	Collocalia troglodytes	NA	NA	NA	NA	G. R. Gray, 1845	NA	NA	NA	NA	NA	NA	NA	NA	NA	NA	NA	NA	M	NA	NA	NA	NA	NA	CBOL_BIRDS_P4_G06	17.85	121.983	NA	NA	NA	NA	NA	NA	Philippines	Central Luzon	NA	NA	NA	NA	NA	NA	NA	NA	NA	NA	NA	NA
USNMA419-10	B03468	1608359	635388	95954061	Smithsonian Institution, National Museum of Natural History	NA	BOLD:AAN4072	18	Chordata	51	Aves	324	Apodiformes	1470	Apodidae	NA	NA	114688	Collocalia	313703	Collocalia marginata	863581	Collocalia marginata marginata	NA	NA	NA	NA	NA	NA	NA	NA	NA	NA	NA	NA	NA	NA	NA	M	NA	NA	NA	NA	NA	CBOL_BIRDS_P4_E10	NA	NA	NA	NA	NA	NA	NA	NA	Philippines	Cagayan	Cagayan	Babuyan Islands	NA	NA	NA	NA	NA	NA	NA	NA	NA	NA
USNMA421-10	B05267	1608361	609123	95940386	Smithsonian Institution, National Museum of Natural History	NA	BOLD:AAN9797	18	Chordata	51	Aves	324	Apodiformes	1470	Apodidae	NA	NA	4641	Chaetura	32033	Chaetura cinereiventris	NA	NA	NA	NA	P. L. Sclater, 1862	NA	NA	NA	NA	NA	NA	NA	NA	NA	NA	NA	NA	M	NA	NA	NA	NA	NA	CBOL_BIRDS_P1_A05	5.5	-60.783	NA	NA	NA	NA	NA	NA	Guyana	NA	Essequibo	NA	NA	NA	NA	NA	NA	NA	NA	NA	NA	NA
USNMA422-10	B05266	1608362	609124	95940298	Smithsonian Institution, National Museum of Natural History	NA	BOLD:AAO0122	18	Chordata	51	Aves	324	Apodiformes	1470	Apodidae	NA	NA	4641	Chaetura	114682	Chaetura chapmani	NA	NA	NA	NA	Hellmayr, 1907	NA	NA	NA	NA	NA	NA	NA	NA	NA	NA	NA	NA	M	NA	NA	NA	NA	NA	CBOL_BIRDS_P1_H04	5.5	-60.783	NA	NA	NA	NA	NA	NA	Guyana	NA	Essequibo	NA	NA	NA	NA	NA	NA	NA	NA	NA	NA	NA
USNMB285-10	B05820	1637486	620740	95955027	Smithsonian Institution, National Museum of Natural History	NA	BOLD:AAJ5745	18	Chordata	51	Aves	324	Apodiformes	1470	Apodidae	NA	NA	7430	Aeronautes	114665	Aeronautes andecolus	NA	NA	NA	NA	(Orbigny & Lafresnaye, 1837)	NA	NA	NA	NA	NA	NA	NA	NA	NA	NA	NA	NA	M	NA	NA	NA	NA	NA	CBOL_BIRDS_P7_E04	-26.75	-65.738	NA	NA	NA	NA	NA	NA	Argentina	Tucuman	NA	NA	NA	NA	NA	NA	NA	NA	NA	NA	NA	NA
USNMH139-11	B10961	1956318	89729	95958391	Smithsonian Institution, National Museum of Natural History	NA	BOLD:AAV0629	18	Chordata	51	Aves	324	Apodiformes	1470	Apodidae	NA	NA	114725	Tachornis	114728	Tachornis squamata	NA	NA	NA	NA	Cassin, 1853	NA	NA	NA	NA	NA	NA	NA	NA	NA	NA	NA	NA	M	NA	NA	NA	NA	NA	CBOL_BIRDS_P22_D01	NA	NA	NA	NA	NA	NA	NA	NA	Guyana	NA	NA	NA	NA	NA	NA	NA	NA	NA	NA	NA	NA	NA
USNMH142-11	B11601	1956321	625378	95958423	Smithsonian Institution, National Museum of Natural History	NA	BOLD:AAO0122	18	Chordata	51	Aves	324	Apodiformes	1470	Apodidae	NA	NA	4641	Chaetura	114682	Chaetura chapmani	NA	NA	NA	NA	Hellmayr, 1907	NA	NA	NA	NA	NA	NA	NA	NA	NA	NA	NA	NA	F	NA	NA	NA	NA	NA	CBOL_BIRDS_P22_B09	1.583	-58.633	NA	NA	NA	NA	NA	NA	Guyana	NA	NA	NA	NA	NA	NA	NA	NA	NA	NA	NA	NA	NA
USNMI199-11	B13064	1981940	626065	95958470	Smithsonian Institution, National Museum of Natural History	NA	BOLD:AAW0181	18	Chordata	51	Aves	324	Apodiformes	1470	Apodidae	NA	NA	7429	Streptoprocne	9915	Streptoprocne zonaris	NA	NA	NA	NA	Shaw, 1796	NA	NA	NA	NA	NA	NA	NA	NA	NA	NA	NA	NA	M	NA	NA	NA	NA	NA	CBOL_BIRDS_P24_F08	2.867	-59.267	NA	NA	NA	NA	NA	NA	Guyana	NA	NA	NA	NA	NA	NA	NA	NA	NA	NA	NA	NA	NA
USNMI200-11	B13063	1981941	622306	95958479	Smithsonian Institution, National Museum of Natural History	NA	BOLD:AAW0181	18	Chordata	51	Aves	324	Apodiformes	1470	Apodidae	NA	NA	7429	Streptoprocne	9915	Streptoprocne zonaris	NA	NA	NA	NA	Shaw, 1796	NA	NA	NA	NA	NA	NA	NA	NA	NA	NA	NA	NA	M	NA	NA	NA	NA	NA	CBOL_BIRDS_P24_E08	2.867	-59.267	NA	NA	NA	NA	NA	NA	Guyana	NA	NA	NA	NA	NA	NA	NA	NA	NA	NA	NA	NA	NA
USNMJ290-11	B14085	1988705	91526	1053957748	Smithsonian Institution, National Museum of Natural History	NA	BOLD:AAV0629	18	Chordata	51	Aves	324	Apodiformes	1470	Apodidae	NA	NA	114725	Tachornis	114728	Tachornis squamata	NA	NA	NA	NA	Cassin, 1853	NA	NA	NA	NA	NA	NA	NA	NA	NA	NA	NA	NA	M	NA	NA	NA	NA	NA	CBOL_BIRDS_P26_H04	NA	NA	NA	NA	NA	NA	NA	NA	Guyana	NA	NA	NA	NA	NA	NA	NA	NA	NA	NA	NA	NA	NA
USNMJ291-11	B14084	1988706	91651	1053957731	Smithsonian Institution, National Museum of Natural History	NA	BOLD:AAV0629	18	Chordata	51	Aves	324	Apodiformes	1470	Apodidae	NA	NA	114725	Tachornis	114728	Tachornis squamata	NA	NA	NA	NA	Cassin, 1853	NA	NA	NA	NA	NA	NA	NA	NA	NA	NA	NA	NA	F	NA	NA	NA	NA	NA	CBOL_BIRDS_P26_G04	NA	NA	NA	NA	NA	NA	NA	NA	Guyana	NA	NA	NA	NA	NA	NA	NA	NA	NA	NA	NA	NA	NA
USNMJ293-11	B14068	1988708	625871	1053957730	Smithsonian Institution, National Museum of Natural History	NA	BOLD:AAK0488	18	Chordata	51	Aves	324	Apodiformes	1470	Apodidae	NA	NA	4641	Chaetura	114681	Chaetura brachyura	NA	NA	NA	NA	Jardine, 1846	NA	NA	NA	NA	NA	NA	NA	NA	NA	NA	NA	NA	M	NA	NA	NA	NA	NA	CBOL_BIRDS_P26_G03	2.817	-59.817	NA	NA	NA	NA	NA	NA	Guyana	NA	NA	NA	NA	NA	NA	NA	NA	NA	NA	NA	NA	NA
USNMK296-11	B19082	2004350	632429	95963950	Smithsonian Institution, National Museum of Natural History	NA	BOLD:AAN9797	18	Chordata	51	Aves	324	Apodiformes	1470	Apodidae	NA	NA	4641	Chaetura	32033	Chaetura cinereiventris	NA	NA	NA	NA	P. L. Sclater, 1862	NA	NA	NA	NA	NA	NA	NA	NA	NA	NA	NA	NA	F	NA	NA	NA	NA	NA	CBOL_BIRDS_P30_E09	4.933	-59.883	NA	NA	NA	NA	NA	NA	Guyana	NA	NA	NA	NA	NA	NA	NA	NA	NA	NA	NA	NA	NA
YIO036-10	2006-0134	1365099	YIO-63946	2006-0134	Yamashina Institute for Ornithology	NA	BOLD:AAF5526	18	Chordata	51	Aves	324	Apodiformes	1470	Apodidae	NA	NA	4643	Apus	52560	Apus pacificus	NA	NA	Takema Saitoh	NA	Latham, 1802	NA	Vouchered:Registered Collection	NA	NA	T. Nomura	NA	NA	NA	NA	NA	NA	NA	M	S	NA	NA	NA	NA	NA	44.35	141.65	NA	NA	NA	NA	NA	NA	Japan	Hokkaido-chiho	Hokkaido, Tomamae-gun, Haboro-cho	NA	NA	NA	NA	NA	NA	NA	NA	NA	NA	NA
YIO037-10	2000-0040	1365100	YIO-63093	2000-0040	Yamashina Institute for Ornithology	NA	BOLD:AAJ8912	18	Chordata	51	Aves	324	Apodiformes	1470	Apodidae	NA	NA	4643	Apus	114678	Apus nipalensis	NA	NA	Takema Saitoh	NA	Hodgson, 1837	NA	Vouchered:Registered Collection	NA	NA	NA	NA	NA	NA	NA	NA	NA	NA	NA	S	NA	NA	NA	NA	NA	35.8	139.583	NA	NA	NA	NA	NA	NA	Japan	Honshu	Saitama, Asaka-shi	NA	NA	NA	NA	NA	NA	NA	NA	NA	NA	NA
YIO573-17	2011-0708	7563970	NA	2011-0708	Yamashina Institute for Ornithology	NA	BOLD:AAF5526	18	Chordata	51	Aves	324	Apodiformes	1470	Apodidae	NA	NA	4643	Apus	52560	Apus pacificus	NA	NA	Takema Saitoh	NA	Latham, 1802	NA	NA	NA	NA	N.Nakamura	NA	NA	NA	NA	NA	NA	Adult	NA	S	NA	NA	NA	NA	NA	32.7558	132.626	NA	NA	NA	NA	NA	NA	Japan	NA	Kouchi	NA	NA	NA	NA	NA	NA	NA	NA	NA	NA	NA
YIO580-17	2012-1516	7563977	YIO-65584	2012-1516	Yamashina Institute for Ornithology	NA	BOLD:AAE4058	18	Chordata	51	Aves	324	Apodiformes	1470	Apodidae	NA	NA	52561	Hirundapus	52562	Hirundapus caudacutus	NA	NA	Takema Saitoh	NA	Latham, 1802	NA	NA	NA	NA	Y.Iwami	NA	NA	NA	NA	NA	NA	Adult	NA	S	NA	NA	NA	NA	NA	43.0564	143.162	NA	NA	NA	NA	NA	NA	Japan	Hokkaido-chiho	NA	NA	NA	NA	NA	NA	NA	NA	NA	NA	NA	NA
BJNSM838-12	NSMT-DNA50002	2419868	NSMT-A17844	2010.278	National Museum of Nature and Science, Tokyo	NA	BOLD:AAF5526	18	Chordata	51	Aves	324	Apodiformes	1470	Apodidae	NA	NA	4643	Apus	52560	Apus pacificus	NA	NA	NA	NA	Latham, 1802	NA	Vouchered:Registered Collection	NA	NA	NA	NA	NA	NA	NA	NA	NA	A	M	S	NA	NA	NA	NA	NA	34.07	139.554	NA	NA	NA	NA	NA	NA	Japan	Kanto-chiho	Tokyo	Miyake Island	NA	NA	NA	NA	NA	NA	NA	NA	NA	NA
BOM165-07	CNAV024797	602860	IBUNAM:CNAV:024797	PEP2434	Universidad Nacional Autonoma de Mexico, Instituto de Biologia	NA	BOLD:AAE6223	18	Chordata	51	Aves	324	Apodiformes	1470	Apodidae	NA	NA	7430	Aeronautes	9910	Aeronautes saxatalis	NA	NA	Patricia Escalante	NA	Woodhouse, 1853	NA	Vouchered:Registered Collection	frozen	NA	Joaquin Bueno Soria	NA	NA	NA	NA	NA	NA	NA	NA	NA	NA	NA	NA	NA	NA	20.751	-99.357	NA	NA	NA	NA	NA	NA	Mexico	Hidalgo	Zimapan	NA	Zimapan	1370528|1370527	http://www.boldsystems.org/pics/BOMNO/IMG_1714+1317656668.JPG|http://www.boldsystems.org/pics/BOMNO/IMG_1713+1317656642.JPG	Dorsal|Ventral	|	Patricia Escalante Pliego|Patricia Escalante Pliego	2011|2011	CreativeCommons - Attribution Non-Commercial Share-Alike|CreativeCommons - Attribution Non-Commercial Share-Alike	Universidad Nacional Autonoma de Mexico, Instituto de Biologia|Universidad Nacional Autonoma de Mexico, Instituto de Biologia	Luis Fernando Lopez Flores|Luis Fernando Lopez Flores
BOTW089-04	USNM 586200	11868	586200	NA	Smithsonian Institution, National Museum of Natural History	NA	BOLD:AAD2227	18	Chordata	51	Aves	324	Apodiformes	1470	Apodidae	NA	NA	4643	Apus	9912	Apus apus	NA	NA	NA	NA	Linnaeus, 1758	NA	NA	NA	NA	NA	NA	NA	NA	NA	NA	NA	NA	NA	NA	NA	NA	NA	Common Swift	FAA100: <xml><field_number>B07805</field_number><reprod>S</reprod><acronym>USNM</acronym><donator>Carla J. Dove</donator><voucher>Unknown</voucher><tissue>Only sequence submitted</tissue></xml>	52.35	0.5	NA	NA	NA	NA	NA	NA	United Kingdom	NA	Suffolk	Mildenhall Air Force Base	NA	NA	NA	NA	NA	NA	NA	NA	NA	NA
BOTW347-05	FMNH 393010	41216	393010	NA	Field Museum of Natural History	NA	BOLD:AAD2409	18	Chordata	51	Aves	324	Apodiformes	1470	Apodidae	NA	NA	4641	Chaetura	9919	Chaetura vauxi	NA	NA	NA	NA	J. K. Townsend, 1839	NA	NA	NA	NA	NA	NA	NA	NA	NA	NA	NA	NA	NA	NA	NA	NA	NA	NA	NA	10.25	-85.6	NA	NA	NA	NA	NA	NA	Costa Rica	Guanacaste	NA	Santa Cruz, 17 km SSW, Cerro Vista al Mar	NA	NA	NA	NA	NA	NA	NA	NA	NA	NA
BOTW348-05	FMNH 393011	41217	393011	NA	Field Museum of Natural History	NA	BOLD:AAD2409	18	Chordata	51	Aves	324	Apodiformes	1470	Apodidae	NA	NA	4641	Chaetura	9919	Chaetura vauxi	NA	NA	NA	NA	J. K. Townsend, 1839	NA	NA	NA	NA	NA	NA	NA	NA	NA	NA	NA	NA	NA	NA	NA	NA	NA	NA	NA	10.25	-85.6	NA	NA	NA	NA	NA	NA	Costa Rica	Guanacaste	NA	Santa Cruz, 17 km SSW, Cerro Vista al Mar	NA	NA	NA	NA	NA	NA	NA	NA	NA	NA
BOTW413-05	FMNH 320470	41282	FMNH 320470	NA	Field Museum of Natural History	NA	BOLD:AAI0032	18	Chordata	51	Aves	324	Apodiformes	1470	Apodidae	NA	NA	7429	Streptoprocne	9915	Streptoprocne zonaris	NA	NA	NA	NA	Shaw, 1796	NA	NA	NA	NA	NA	NA	NA	NA	NA	NA	NA	NA	NA	NA	NA	NA	NA	White-collared Swift	NA	-13.5262	-71.9873	NA	NA	NA	NA	NA	NA	Peru	Cuzco	NA	Tono	NA	NA	NA	NA	NA	NA	NA	NA	NA	NA
BROMB838-07	1B-1235	555949	157347	1B-1235	Royal Ontario Museum	NA	BOLD:AAE1088	18	Chordata	51	Aves	324	Apodiformes	1470	Apodidae	NA	NA	4641	Chaetura	9918	Chaetura pelagica	NA	NA	NA	NA	Linnaeus, 1758	NA	NA	NA	NA	NA	NA	NA	NA	NA	NA	NA	A	M	S	NA	NA	NA	NA	voucher kind: skeleton	43.4	-79.23	NA	NA	NA	NA	NA	NA	Canada	Ontario	NA	Metro Toronto RM	Toronto	199471|199469|199470	http://www.boldsystems.org/pics/BROMB/BROMB838-07_0208+1182874020.JPG|http://www.boldsystems.org/pics/BROMB/BROMB838-07_0204+1182874010.JPG|http://www.boldsystems.org/pics/BROMB/BROMB838-07_0205+1182874014.JPG	Dorsal|Dorsal|Lateral	skull|skull|skull	Erika Tavares|Erika Tavares|Erika Tavares	2010|2010|2010	CreativeCommons - Attribution|CreativeCommons - Attribution|CreativeCommons - Attribution	Royal Ontario Museum|Royal Ontario Museum|Royal Ontario Museum	ROM-Ornithology|ROM-Ornithology|ROM-Ornithology
CDAMH027-05	AMNH-DOT7186	57505	DOT7186	NA	American Museum of Natural History	NA	BOLD:AAD2409	18	Chordata	51	Aves	324	Apodiformes	1470	Apodidae	NA	NA	4641	Chaetura	9919	Chaetura vauxi	NA	NA	NA	NA	J. K. Townsend, 1839	NA	NA	NA	NA	NA	NA	NA	NA	NA	NA	NA	NA	M	NA	NA	NA	NA	PAC332	<xml><donor>C.Dove</donor><donor_e-mail>DOVEC@SI.EDU</donor_e-mail><collection_code>DOT</collection_code></xml>	40.72	-122.18	NA	NA	NA	NA	NA	NA	United States	California	Shasta	NA	REDDING	NA	NA	NA	NA	NA	NA	NA	NA	NA
CDUSM038-05	B07622	56219	586077	B07622	Smithsonian Institution, National Museum of Natural History	NA	BOLD:AAE6223	18	Chordata	51	Aves	324	Apodiformes	1470	Apodidae	NA	NA	7430	Aeronautes	9910	Aeronautes saxatalis	NA	NA	NA	NA	Woodhouse, 1853	NA	NA	NA	NA	NA	NA	NA	NA	NA	NA	NA	NA	M	NA	NA	NA	NA	BKS 3379	<xml><donor>C.Dove</donor><donor_e-mail>DOVEC@SI.EDU</donor_e-mail></xml>	46.95	-119.99	NA	NA	NA	NA	NA	NA	United States	Washington	GRANT	VANTAGE	8 MI N, 1 MI, W, FRENCHMAN COULEE	NA	NA	NA	NA	NA	NA	NA	NA	NA
CDUSM039-05	B07623	56220	586078	B07623	Smithsonian Institution, National Museum of Natural History	NA	BOLD:AAE6223	18	Chordata	51	Aves	324	Apodiformes	1470	Apodidae	NA	NA	7430	Aeronautes	9910	Aeronautes saxatalis	NA	NA	NA	NA	Woodhouse, 1853	NA	NA	NA	NA	NA	NA	NA	NA	NA	NA	NA	NA	M	NA	NA	NA	NA	BKS 3380	<xml><donor>C.Dove</donor><donor_e-mail>DOVEC@SI.EDU</donor_e-mail></xml>	46.95	-119.99	NA	NA	NA	NA	NA	NA	United States	Washington	GRANT	VANTAGE	8 MI N, 1 MI W, FRENCHMAN COULEE	NA	NA	NA	NA	NA	NA	NA	NA	NA
CMCPB062-10	B36848	1334606	B36848	NMPCMNHB688	Cincinnati Museum Center	NA	BOLD:AAP1884	18	Chordata	51	Aves	324	Apodiformes	1470	Apodidae	NA	NA	114637	Aerodramus	114649	Aerodramus mearnsi	NA	NA	Robert S. Kennedy	NA	Oberholser, 1912	NA	Museum Vouchered	NA	NA	Kennedy, R. S.	NA	NA	NA	NA	NA	NA	NA	NA	NA	NA	NA	NA	study skin	NA	11.4	122.15	NA	NA	NA	NA	NA	NA	Philippines	Western Visayas	Aklan; Panay	Libacao	NW ridge of Mount Madja-as	NA	NA	NA	NA	NA	NA	NA	NA	NA
CMCPB063-10	B36849	1334607	B36849	NMPCMNHB701	Cincinnati Museum Center	NA	NA	18	Chordata	51	Aves	324	Apodiformes	1470	Apodidae	NA	NA	114637	Aerodramus	114649	Aerodramus mearnsi	NA	NA	Robert S. Kennedy	NA	Oberholser, 1912	NA	NA	NA	NA	Kennedy, R. S.	NA	NA	NA	NA	NA	NA	NA	NA	NA	NA	NA	NA	study skin	NA	11.4	122.15	NA	NA	NA	NA	NA	NA	Philippines	Western Visayas	Aklan; Panay	Libacao	NW ridge of Mount Madja-as	NA	NA	NA	NA	NA	NA	NA	NA	NA
GBIR10823-19	MF579509	9769674	NA	NA	Mined from GenBank, NCBI	NA	BOLD:AAD2227	18	Chordata	51	Aves	324	Apodiformes	1470	Apodidae	NA	NA	4643	Apus	114679	Apus pallidus	NA	NA	NA	NA	Shelley, 1870	NA	NA	NA	NA	NA	NA	NA	NA	NA	NA	NA	NA	NA	NA	NA	NA	NA	NA	NA	NA	NA	NA	NA	NA	NA	NA	NA	Italy	NA	NA	NA	NA	NA	NA	NA	NA	NA	NA	NA	NA	NA
GBIR10824-19	MF579510	9769676	NA	NA	Mined from GenBank, NCBI	NA	BOLD:AAD2227	18	Chordata	51	Aves	324	Apodiformes	1470	Apodidae	NA	NA	4643	Apus	114679	Apus pallidus	NA	NA	NA	NA	Shelley, 1870	NA	NA	NA	NA	NA	NA	NA	NA	NA	NA	NA	NA	NA	NA	NA	NA	NA	NA	NA	NA	NA	NA	NA	NA	NA	NA	NA	Italy	NA	NA	NA	NA	NA	NA	NA	NA	NA	NA	NA	NA	NA
GBIR10826-19	MF579512	9769680	NA	NA	Mined from GenBank, NCBI	NA	BOLD:AAD2227	18	Chordata	51	Aves	324	Apodiformes	1470	Apodidae	NA	NA	4643	Apus	114674	Apus bradfieldi	NA	NA	NA	NA	Roberts, 1926	NA	NA	NA	NA	NA	NA	NA	NA	NA	NA	NA	NA	NA	NA	NA	NA	NA	NA	NA	NA	NA	NA	NA	NA	NA	NA	NA	South Africa	NA	NA	NA	NA	NA	NA	NA	NA	NA	NA	NA	NA	NA
GBIR1425-09	DQ463134	1034649	NA	DQ463134	Mined from GenBank, NCBI	NA	NA	18	Chordata	51	Aves	324	Apodiformes	1470	Apodidae	NA	NA	114637	Aerodramus	114642	Aerodramus fuciphagus	NA	NA	NA	NA	Thunberg, 1812	NA	NA	NA	NA	NA	NA	NA	NA	NA	NA	NA	NA	NA	NA	NA	NA	NA	Aerodramus fuciphagus	haplogroup:|haplotype:|isolate:Fi-01|subspecies:|Note:|	NA	NA	NA	NA	NA	NA	NA	NA	NA	NA	NA	NA	NA	NA	NA	NA	NA	NA	NA	NA	NA	NA
GBIR1427-09	DQ463131	1034651	DQ463131	NA	Mined from GenBank, NCBI	NA	NA	18	Chordata	51	Aves	324	Apodiformes	1470	Apodidae	NA	NA	114637	Aerodramus	114642	Aerodramus fuciphagus	NA	NA	NA	NA	Thunberg, 1812	NA	NA	NA	NA	NA	NA	NA	NA	NA	NA	NA	NA	NA	NA	NA	NA	NA	NA	NA	NA	NA	NA	NA	NA	NA	NA	NA	NA	NA	NA	NA	NA	NA	NA	NA	NA	NA	NA	NA	NA	NA
GBIR1429-09	AY275860	1035198	AY275860	NA	Mined from GenBank, NCBI	NA	NA	18	Chordata	51	Aves	324	Apodiformes	1470	Apodidae	NA	NA	7429	Streptoprocne	9915	Streptoprocne zonaris	NA	NA	NA	NA	Shaw, 1796	NA	NA	NA	NA	NA	NA	NA	NA	NA	NA	NA	NA	NA	NA	NA	NA	NA	NA	NA	NA	NA	NA	NA	NA	NA	NA	NA	NA	NA	NA	NA	NA	NA	NA	NA	NA	NA	NA	NA	NA	NA
GBIR2849-12	HM594287	2940711	NA	HM594287	Mined from GenBank, NCBI	NA	BOLD:ACB3451	18	Chordata	51	Aves	324	Apodiformes	1470	Apodidae	NA	NA	114637	Aerodramus	114642	Aerodramus fuciphagus	NA	NA	NA	NA	Thunberg, 1812	NA	NA	NA	NA	NA	NA	NA	NA	NA	NA	NA	NA	NA	NA	NA	NA	NA	NA	Vini australis	NA	NA	NA	NA	NA	NA	NA	NA	NA	NA	NA	NA	NA	NA	NA	NA	NA	NA	NA	NA	NA	NA
GBIR3277-13	HM626168	3573865	HM626168	HM626168	Mined from GenBank, NCBI	NA	BOLD:ACH3451	18	Chordata	51	Aves	324	Apodiformes	1470	Apodidae	NA	NA	114637	Aerodramus	114648	Aerodramus maximus	NA	NA	NA	NA	Hume, 1878	NA	NA	NA	NA	NA	NA	NA	NA	NA	NA	NA	NA	NA	NA	NA	NA	NA	NA	NA	NA	NA	NA	NA	NA	NA	NA	NA	NA	NA	NA	NA	NA	NA	NA	NA	NA	NA	NA	NA	NA	NA
GBIR358-07	EF373361	644743	EF373361	NA	Mined from GenBank, NCBI	NA	BOLD:ACE6119	18	Chordata	51	Aves	324	Apodiformes	1470	Apodidae	NA	NA	4641	Chaetura	9918	Chaetura pelagica	NA	NA	NA	NA	Linnaeus, 1758	NA	NA	NA	NA	NA	NA	NA	NA	NA	NA	NA	NA	NA	NA	NA	NA	NA	NA	NA	NA	NA	NA	NA	NA	NA	NA	NA	NA	NA	NA	NA	NA	NA	NA	NA	NA	NA	NA	NA	NA	NA
GBIR359-07	EF373360	644744	EF373360	NA	Mined from GenBank, NCBI	NA	BOLD:AAE4058	18	Chordata	51	Aves	324	Apodiformes	1470	Apodidae	NA	NA	52561	Hirundapus	52562	Hirundapus caudacutus	NA	NA	NA	NA	Latham, 1802	NA	NA	NA	NA	NA	NA	NA	NA	NA	NA	NA	NA	NA	NA	NA	NA	NA	NA	NA	NA	NA	NA	NA	NA	NA	NA	NA	NA	NA	NA	NA	NA	NA	NA	NA	NA	NA	NA	NA	NA	NA
GBIR4883-13	JX160005	3635204	JX160005	JX160005	Mined from GenBank, NCBI	NA	BOLD:AAJ8912	18	Chordata	51	Aves	324	Apodiformes	1470	Apodidae	NA	NA	4643	Apus	114668	Apus affinis	NA	NA	NA	NA	J. E. Gray, 1830	NA	NA	NA	NA	NA	NA	NA	NA	NA	NA	NA	NA	NA	NA	NA	NA	NA	NA	NA	NA	NA	NA	NA	NA	NA	NA	NA	NA	NA	NA	NA	NA	NA	NA	NA	NA	NA	NA	NA	NA	NA
GBIR586-07	AY275859	659511	AY275859	NA	Mined from GenBank, NCBI	NA	NA	18	Chordata	51	Aves	324	Apodiformes	1470	Apodidae	NA	NA	7429	Streptoprocne	102638	Streptoprocne rutila	NA	NA	NA	NA	Vieillot, 1817	NA	NA	NA	NA	NA	NA	NA	NA	NA	NA	NA	NA	NA	NA	NA	NA	NA	Cypseloides rutilus	NA	NA	NA	NA	NA	NA	NA	NA	NA	NA	NA	NA	NA	NA	NA	NA	NA	NA	NA	NA	NA	NA	NA
GBIR7198-17	KU722438	7798393	NA	KU722438	Mined from GenBank, NCBI	NA	BOLD:AAJ8912	18	Chordata	51	Aves	324	Apodiformes	1470	Apodidae	NA	NA	4643	Apus	114668	Apus affinis	NA	NA	NA	NA	J. E. Gray, 1830	NA	NA	NA	NA	NA	NA	NA	NA	NA	NA	NA	NA	NA	NA	NA	NA	NA	NA	NA	NA	NA	NA	NA	NA	NA	NA	NA	Djibouti	NA	NA	Camp Lemonnier	5.5km SE Djibouti	NA	NA	NA	NA	NA	NA	NA	NA	NA
GBIR7324-19	AY275861	9762698	AMNH MKL160	NA	Mined from GenBank, NCBI	NA	NA	18	Chordata	51	Aves	324	Apodiformes	1470	Apodidae	NA	NA	114688	Collocalia	114689	Collocalia esculenta	NA	NA	NA	NA	Linnaeus, 1758	NA	NA	NA	NA	NA	NA	NA	NA	NA	NA	NA	NA	NA	NA	NA	NA	NA	NA	NA	NA	NA	NA	NA	NA	NA	NA	NA	NA	NA	NA	NA	NA	NA	NA	NA	NA	NA	NA	NA	NA	NA
GBIR9390-19	KP975232	9766806	NA	NA	Mined from GenBank, NCBI	NA	BOLD:AAJ8912	18	Chordata	51	Aves	324	Apodiformes	1470	Apodidae	NA	NA	4643	Apus	114668	Apus affinis	NA	NA	NA	NA	J. E. Gray, 1830	NA	NA	NA	NA	NA	NA	NA	NA	NA	NA	NA	NA	NA	NA	NA	NA	NA	NA	NA	NA	NA	NA	NA	NA	NA	NA	NA	India	NA	NA	NA	NA	NA	NA	NA	NA	NA	NA	NA	NA	NA
GBMIN133730-17	KP975235	8494653	NA	KP975235	Mined from GenBank, NCBI	NA	BOLD:AAJ8912	18	Chordata	51	Aves	324	Apodiformes	1470	Apodidae	NA	NA	4643	Apus	114668	Apus affinis	NA	NA	NA	NA	J. E. Gray, 1830	NA	NA	NA	NA	NA	NA	NA	NA	NA	NA	NA	NA	NA	NA	NA	NA	NA	NA	NA	NA	NA	NA	NA	NA	NA	NA	NA	India	NA	NA	NA	NA	NA	NA	NA	NA	NA	NA	NA	NA	NA
GBMIN134599-17	KY350182	8495522	NA	KY350182	Mined from GenBank, NCBI	NA	BOLD:ACB3451	18	Chordata	51	Aves	324	Apodiformes	1470	Apodidae	NA	NA	114637	Aerodramus	114642	Aerodramus fuciphagus	NA	NA	NA	NA	Thunberg, 1812	NA	NA	NA	NA	NA	NA	NA	NA	NA	NA	NA	NA	NA	NA	NA	NA	NA	NA	NA	NA	NA	NA	NA	NA	NA	NA	NA	China	NA	NA	NA	NA	NA	NA	NA	NA	NA	NA	NA	NA	NA
GBMIN134600-17	KY350185	8495523	NA	KY350185	Mined from GenBank, NCBI	NA	BOLD:ACB3451	18	Chordata	51	Aves	324	Apodiformes	1470	Apodidae	NA	NA	114637	Aerodramus	114642	Aerodramus fuciphagus	NA	NA	NA	NA	Thunberg, 1812	NA	NA	NA	NA	NA	NA	NA	NA	NA	NA	NA	NA	NA	NA	NA	NA	NA	NA	NA	NA	NA	NA	NA	NA	NA	NA	NA	Indonesia	NA	NA	NA	NA	NA	NA	NA	NA	NA	NA	NA	NA	NA
GBMIN134601-17	KY350186	8495524	NA	KY350186	Mined from GenBank, NCBI	NA	BOLD:ACB3451	18	Chordata	51	Aves	324	Apodiformes	1470	Apodidae	NA	NA	114637	Aerodramus	114642	Aerodramus fuciphagus	NA	NA	NA	NA	Thunberg, 1812	NA	NA	NA	NA	NA	NA	NA	NA	NA	NA	NA	NA	NA	NA	NA	NA	NA	NA	NA	NA	NA	NA	NA	NA	NA	NA	NA	Indonesia	NA	NA	NA	NA	NA	NA	NA	NA	NA	NA	NA	NA	NA
GBMIN134602-17	KY350187	8495525	NA	KY350187	Mined from GenBank, NCBI	NA	BOLD:ACB3451	18	Chordata	51	Aves	324	Apodiformes	1470	Apodidae	NA	NA	114637	Aerodramus	114642	Aerodramus fuciphagus	NA	NA	NA	NA	Thunberg, 1812	NA	NA	NA	NA	NA	NA	NA	NA	NA	NA	NA	NA	NA	NA	NA	NA	NA	NA	NA	NA	NA	NA	NA	NA	NA	NA	NA	Indonesia	NA	NA	NA	NA	NA	NA	NA	NA	NA	NA	NA	NA	NA
GBMIN134603-17	KY350188	8495526	NA	KY350188	Mined from GenBank, NCBI	NA	BOLD:ACB3451	18	Chordata	51	Aves	324	Apodiformes	1470	Apodidae	NA	NA	114637	Aerodramus	114642	Aerodramus fuciphagus	NA	NA	NA	NA	Thunberg, 1812	NA	NA	NA	NA	NA	NA	NA	NA	NA	NA	NA	NA	NA	NA	NA	NA	NA	NA	NA	NA	NA	NA	NA	NA	NA	NA	NA	Malaysia	NA	NA	NA	NA	NA	NA	NA	NA	NA	NA	NA	NA	NA
GBMIN134604-17	KY350190	8495527	NA	KY350190	Mined from GenBank, NCBI	NA	BOLD:ACB3451	18	Chordata	51	Aves	324	Apodiformes	1470	Apodidae	NA	NA	114637	Aerodramus	114642	Aerodramus fuciphagus	NA	NA	NA	NA	Thunberg, 1812	NA	NA	NA	NA	NA	NA	NA	NA	NA	NA	NA	NA	NA	NA	NA	NA	NA	NA	NA	NA	NA	NA	NA	NA	NA	NA	NA	Thailand	NA	NA	NA	NA	NA	NA	NA	NA	NA	NA	NA	NA	NA
GBMIN134605-17	KY350192	8495528	NA	KY350192	Mined from GenBank, NCBI	NA	BOLD:ACB3451	18	Chordata	51	Aves	324	Apodiformes	1470	Apodidae	NA	NA	114637	Aerodramus	114642	Aerodramus fuciphagus	NA	NA	NA	NA	Thunberg, 1812	NA	NA	NA	NA	NA	NA	NA	NA	NA	NA	NA	NA	NA	NA	NA	NA	NA	NA	NA	NA	NA	NA	NA	NA	NA	NA	NA	Malaysia	NA	NA	NA	NA	NA	NA	NA	NA	NA	NA	NA	NA	NA
GBMIN134606-17	KY350193	8495529	NA	KY350193	Mined from GenBank, NCBI	NA	BOLD:ACB3451	18	Chordata	51	Aves	324	Apodiformes	1470	Apodidae	NA	NA	114637	Aerodramus	114642	Aerodramus fuciphagus	NA	NA	NA	NA	Thunberg, 1812	NA	NA	NA	NA	NA	NA	NA	NA	NA	NA	NA	NA	NA	NA	NA	NA	NA	NA	NA	NA	NA	NA	NA	NA	NA	NA	NA	Malaysia	NA	NA	NA	NA	NA	NA	NA	NA	NA	NA	NA	NA	NA
GBMIN134636-17	KY369167	8495559	NA	KY369167	Mined from GenBank, NCBI	NA	BOLD:ACB3451	18	Chordata	51	Aves	324	Apodiformes	1470	Apodidae	NA	NA	114637	Aerodramus	114642	Aerodramus fuciphagus	NA	NA	NA	NA	Thunberg, 1812	NA	NA	NA	NA	NA	NA	NA	NA	NA	NA	NA	NA	NA	NA	NA	NA	NA	NA	NA	NA	NA	NA	NA	NA	NA	NA	NA	Thailand	NA	NA	NA	NA	NA	NA	NA	NA	NA	NA	NA	NA	NA
GBMNA11075-19	KT809406	9628073	NA	KT809406	Mined from GenBank, NCBI	NA	BOLD:AAE1088	18	Chordata	51	Aves	324	Apodiformes	1470	Apodidae	NA	NA	4641	Chaetura	9918	Chaetura pelagica	NA	NA	NA	NA	Linnaeus, 1758	NA	NA	NA	NA	NA	NA	NA	NA	NA	NA	NA	NA	NA	NA	NA	NA	NA	NA	NA	NA	NA	NA	NA	NA	NA	NA	NA	NA	NA	NA	NA	NA	NA	NA	NA	NA	NA	NA	NA	NA	NA
GBMNC112-20	MT773163	12374728	NA	MT773163	Mined from GenBank, NCBI	NA	BOLD:AAD2227	18	Chordata	51	Aves	324	Apodiformes	1470	Apodidae	NA	NA	4643	Apus	9912	Apus apus	NA	NA	NA	NA	Linnaeus, 1758	NA	NA	NA	NA	NA	NA	NA	NA	NA	NA	NA	NA	NA	NA	NA	NA	NA	NA	NA	NA	NA	NA	NA	NA	NA	NA	NA	Russia	NA	NA	NA	NA	NA	NA	NA	NA	NA	NA	NA	NA	NA
GBMNC119-20	MT773168	12374735	NA	MT773168	Mined from GenBank, NCBI	NA	BOLD:AAF5526	18	Chordata	51	Aves	324	Apodiformes	1470	Apodidae	NA	NA	4643	Apus	52560	Apus pacificus	NA	NA	NA	NA	Latham, 1802	NA	NA	NA	NA	NA	NA	NA	NA	NA	NA	NA	NA	NA	NA	NA	NA	NA	NA	NA	NA	NA	NA	NA	NA	NA	NA	NA	Russia	NA	NA	NA	NA	NA	NA	NA	NA	NA	NA	NA	NA	NA
GBMNF1125-22	OM144894	15263555	WAMA43256	OM144894	Mined from GenBank, NCBI	NA	NA	18	Chordata	51	Aves	324	Apodiformes	1470	Apodidae	NA	NA	114688	Collocalia	857256	Collocalia natalis	NA	NA	NA	NA	NA	NA	NA	NA	NA	NA	NA	NA	NA	NA	NA	NA	NA	NA	NA	NA	NA	NA	NA	NA	NA	NA	NA	NA	NA	NA	NA	NA	Australia	NA	NA	NA	NA	NA	NA	NA	NA	NA	NA	NA	NA	NA
GBMTG5395-16	NC_028545	6968627	NA	NC_028545	Mined from GenBank, NCBI	NA	BOLD:AAE1088	18	Chordata	51	Aves	324	Apodiformes	1470	Apodidae	NA	NA	4641	Chaetura	9918	Chaetura pelagica	NA	NA	NA	NA	Linnaeus, 1758	NA	NA	NA	NA	NA	NA	NA	NA	NA	NA	NA	NA	NA	NA	NA	NA	NA	NA	NA	NA	NA	NA	NA	NA	NA	NA	NA	NA	NA	NA	NA	NA	NA	NA	NA	NA	NA	NA	NA	NA	NA
GBMTG892-16	NC_008540	6959265	NA	NC_008540	Mined from GenBank, NCBI	NA	BOLD:AAD2227	18	Chordata	51	Aves	324	Apodiformes	1470	Apodidae	NA	NA	4643	Apus	9912	Apus apus	NA	NA	NA	NA	Linnaeus, 1758	NA	NA	NA	NA	NA	NA	NA	NA	NA	NA	NA	NA	NA	NA	NA	NA	NA	NA	NA	NA	NA	NA	NA	NA	NA	NA	NA	NA	NA	NA	NA	NA	NA	NA	NA	NA	NA	NA	NA	NA	NA
KBARG399-07	MACN-Or-ct 3043	540772	MACN-Or 70817	NA	Museo Argentino de Ciencias Naturales, Bernardino Rivadavia	NA	BOLD:AAK0488	18	Chordata	51	Aves	324	Apodiformes	1470	Apodidae	NA	NA	4641	Chaetura	9919	Chaetura vauxi	746247	Chaetura vauxi andrei	NA	NA	NA	NA	NA	NA	NA	Silvio, Olga y Herrera, Justo	NA	NA	NA	NA	NA	NA	NA	NA	NA	NA	NA	NA	Ashy-tailed Swift	NA	-25.679	-54.449	NA	NA	80	NA	NA	NA	Argentina	Misiones	Iguazu	NA	Parque Nacional Iguazu (Hotel viejo)	NA	NA	NA	NA	NA	NA	NA	NA	NA
KBPBU421-06	UWBM 61222	216927	61222	IUK 361	Burke Museum of Natural History and Culture	NA	BOLD:AAH9547	18	Chordata	51	Aves	324	Apodiformes	1470	Apodidae	NA	NA	102765	Tachymarptis	102766	Tachymarptis melba	NA	NA	NA	NA	NA	NA	NA	NA	NA	I. U. Karagodin	NA	NA	NA	NA	NA	NA	NA	F	NA	NA	NA	NA	Alpine Swift	Voucher type: round/wing, Apus melba	44.1167	39.9	NA	NA	NA	NA	NA	NA	Russia	Krasnoyarskiy Kray	Apsheronskiy Rayon	Apsheronsk	NA	NA	NA	NA	NA	NA	NA	NA	NA	NA
KBPBU422-06	UWBM 61463	216928	61463	SVD 1716	Burke Museum of Natural History and Culture	NA	BOLD:AAH9547	18	Chordata	51	Aves	324	Apodiformes	1470	Apodidae	NA	NA	102765	Tachymarptis	102766	Tachymarptis melba	NA	NA	NA	NA	NA	NA	NA	NA	NA	S. V. Drovetski	NA	NA	NA	NA	NA	NA	NA	M	NA	NA	NA	NA	Alpine Swift	Voucher type: round/wing, Apus melba	44.1167	39.9	NA	NA	NA	NA	NA	NA	Russia	Krasnoyarskiy Kray	Apsheronskiy Rayon	Apsheronsk	NA	NA	NA	NA	NA	NA	NA	NA	NA	NA
KKBNA416-05	UWBM 68270	42542	68270	NA	Burke Museum of Natural History and Culture	NA	BOLD:AAD2409	18	Chordata	51	Aves	324	Apodiformes	1470	Apodidae	NA	NA	4641	Chaetura	9919	Chaetura vauxi	NA	NA	NA	NA	J. K. Townsend, 1839	NA	NA	NA	NA	S. V. Drovetskiy	NA	NA	NA	NA	NA	NA	A	M	S	NA	NA	NA	NA	<xml><field_number>CSW 6294, Acc. 2001-066</field_number><reprod_cond>Testes: L: 8 x 4, R: 7 x 4 mm</reprod_cond><acronym>UWBM</acronym><donator>Sharon Birks</donator><voucher>round/wing</voucher></xml>Prep: C. S. Wood 6294 Coll: S. V. Drovetskiy; Molt: none on body; Misc: shot; wingspan 268 mm	48.8167	-121.933	NA	NA	1280	NA	NA	NA	United States	Washington	Whatcom	Mount Baker summit	NA	NA	NA	NA	NA	NA	NA	NA	NA	NA
KPARG402-08	MACN-Or-ct 3783	884534	MACN-Or-ct 3783	NA	Museo Argentino de Ciencias Naturales, Bernardino Rivadavia	NA	BOLD:AAJ3524	18	Chordata	51	Aves	324	Apodiformes	1470	Apodidae	NA	NA	106835	Cypseloides	114698	Cypseloides rothschildi	NA	NA	NA	NA	Zimmer, 1945	NA	NA	NA	NA	NA	NA	NA	NA	NA	NA	NA	NA	NA	NA	NA	NA	NA	Rothschild`s Swift	NA	NA	NA	NA	NA	NA	NA	NA	NA	Argentina	Tucuman	NA	NA	NA	NA	NA	NA	NA	NA	NA	NA	NA	NA
NLAVE274-11	ZMA.AVES.58717	2050839	ZMA_Aves_58717	NA	Naturalis Biodiversity Center	NA	BOLD:AAD2227	18	Chordata	51	Aves	324	Apodiformes	1470	Apodidae	NA	NA	4643	Apus	9912	Apus apus	NA	NA	Kees Roselaar	NA	Linnaeus, 1758	NA	NA	NA	NA	NA	NA	NA	NA	NA	NA	NA	A	F	NA	NA	NA	NA	NA	NA	51.32	6.12	NA	NA	NA	NA	NA	NA	Netherlands	Limburg	NA	NA	Tegelen	NA	NA	NA	NA	NA	NA	NA	NA	NA
SI021-10	NMSU4103	1319720	NMSU4103	1784x	New Mexico State University	NA	BOLD:AAE1088	18	Chordata	51	Aves	324	Apodiformes	1470	Apodidae	NA	NA	4641	Chaetura	9918	Chaetura pelagica	NA	NA	NA	NA	Linnaeus, 1758	NA	NA	NA	NA	P. Houde	NA	NA	NA	NA	NA	NA	NA	NA	NA	NA	NA	NA	B23435	NA	NA	NA	NA	NA	NA	NA	NA	NA	United States	Ohio	Clinton Co.	NA	NA	NA	NA	NA	NA	NA	NA	NA	NA	NA
USNMA412-10	B23513	1608352	639267	95955707	Smithsonian Institution, National Museum of Natural History	NA	BOLD:AAO1287	18	Chordata	51	Aves	324	Apodiformes	1470	Apodidae	NA	NA	7429	Streptoprocne	745840	Streptoprocne phelpsi	NA	NA	NA	NA	NA	NA	NA	NA	NA	NA	NA	NA	NA	NA	NA	NA	NA	M	NA	NA	NA	NA	NA	CBOL_BIRDS_P3_D05	5.984	-61.045	NA	NA	NA	NA	NA	NA	Guyana	Cuyuni-Mazaruni	NA	NA	NA	NA	NA	NA	NA	NA	NA	NA	NA	NA
USNMA416-10	B03655	1608356	607335	95954115	Smithsonian Institution, National Museum of Natural History	NA	BOLD:AAN4073	18	Chordata	51	Aves	324	Apodiformes	1470	Apodidae	NA	NA	114688	Collocalia	114691	Collocalia troglodytes	NA	NA	NA	NA	G. R. Gray, 1845	NA	NA	NA	NA	NA	NA	NA	NA	NA	NA	NA	NA	M	NA	NA	NA	NA	NA	CBOL_BIRDS_P4_A04	17.85	121.983	NA	NA	NA	NA	NA	NA	Philippines	Central Luzon	NA	NA	NA	NA	NA	NA	NA	NA	NA	NA	NA	NA
USNMA418-10	B03470	1608358	635402	95954056	Smithsonian Institution, National Museum of Natural History	NA	BOLD:AAN4072	18	Chordata	51	Aves	324	Apodiformes	1470	Apodidae	NA	NA	114688	Collocalia	313703	Collocalia marginata	863581	Collocalia marginata marginata	NA	NA	NA	NA	NA	NA	NA	NA	NA	NA	NA	NA	NA	NA	NA	F	NA	NA	NA	NA	NA	CBOL_BIRDS_P4_F10	NA	NA	NA	NA	NA	NA	NA	NA	Philippines	Cagayan	Cagayan	Babuyan Islands	NA	NA	NA	NA	NA	NA	NA	NA	NA	NA
USNMA420-10	B05259	1608360	86425	95940339	Smithsonian Institution, National Museum of Natural History	NA	BOLD:AAO0117	18	Chordata	51	Aves	324	Apodiformes	1470	Apodidae	NA	NA	4641	Chaetura	114687	Chaetura spinicaudus	NA	NA	NA	NA	Temminck, 1839	NA	NA	NA	NA	NA	NA	NA	NA	NA	NA	NA	NA	M	NA	NA	NA	NA	NA	CBOL_BIRDS_P1_E04	NA	NA	NA	NA	NA	NA	NA	NA	Guyana	NA	Essequibo	NA	NA	NA	NA	NA	NA	NA	NA	NA	NA	NA
USNMG146-11	B10311	1881861	89730	95956241	Smithsonian Institution, National Museum of Natural History	NA	BOLD:AAV0629	18	Chordata	51	Aves	324	Apodiformes	1470	Apodidae	NA	NA	114725	Tachornis	114728	Tachornis squamata	NA	NA	NA	NA	Cassin, 1853	NA	NA	NA	NA	NA	NA	NA	NA	NA	NA	NA	NA	M	NA	NA	NA	NA	NA	CBOL_BIRDS_P20_H11	NA	NA	NA	NA	NA	NA	NA	NA	Guyana	NA	NA	NA	NA	NA	NA	NA	NA	NA	NA	NA	NA	NA
USNMG148-11	B16009	1881863	626628	95956235	Smithsonian Institution, National Museum of Natural History	NA	BOLD:AAO1287	18	Chordata	51	Aves	324	Apodiformes	1470	Apodidae	NA	NA	7429	Streptoprocne	745840	Streptoprocne phelpsi	NA	NA	NA	NA	NA	NA	NA	NA	NA	NA	NA	NA	NA	NA	NA	NA	NA	M	NA	NA	NA	NA	NA	CBOL_BIRDS_P20_H05	5.517	-60.733	NA	NA	NA	NA	NA	NA	Guyana	NA	NA	NA	NA	NA	NA	NA	NA	NA	NA	NA	NA	NA
USNMG149-11	B10325	1881864	89732	95956267	Smithsonian Institution, National Museum of Natural History	NA	BOLD:AAO0117	18	Chordata	51	Aves	324	Apodiformes	1470	Apodidae	NA	NA	4641	Chaetura	114687	Chaetura spinicaudus	NA	NA	NA	NA	Temminck, 1839	NA	NA	NA	NA	NA	NA	NA	NA	NA	NA	NA	NA	F	NA	NA	NA	NA	NA	CBOL_BIRDS_P20_E12	NA	NA	NA	NA	NA	NA	NA	NA	Guyana	NA	NA	NA	NA	NA	NA	NA	NA	NA	NA	NA	NA	NA
USNMJ289-11	B14057	1988704	91525	1053957682	Smithsonian Institution, National Museum of Natural History	NA	BOLD:AAK0488	18	Chordata	51	Aves	324	Apodiformes	1470	Apodidae	NA	NA	4641	Chaetura	114681	Chaetura brachyura	NA	NA	NA	NA	Jardine, 1846	NA	NA	NA	NA	NA	NA	NA	NA	NA	NA	NA	NA	M	NA	NA	NA	NA	NA	CBOL_BIRDS_P26_C03	NA	NA	NA	NA	NA	NA	NA	NA	Guyana	NA	NA	NA	NA	NA	NA	NA	NA	NA	NA	NA	NA	NA
USNMJ292-11	B14165	1988707	616787	1053957711	Smithsonian Institution, National Museum of Natural History	NA	BOLD:AAO0122	18	Chordata	51	Aves	324	Apodiformes	1470	Apodidae	NA	NA	4641	Chaetura	114682	Chaetura chapmani	NA	NA	NA	NA	Hellmayr, 1907	NA	NA	NA	NA	NA	NA	NA	NA	NA	NA	NA	NA	NA	NA	NA	NA	NA	NA	CBOL_BIRDS_P26_E08	6.017	-58.2	NA	NA	NA	NA	NA	NA	Guyana	NA	NA	NA	NA	NA	NA	NA	NA	NA	NA	NA	NA	NA
USNMK295-11	B19193	2004349	632329	95959757	Smithsonian Institution, National Museum of Natural History	NA	BOLD:AAZ3571	18	Chordata	51	Aves	324	Apodiformes	1470	Apodidae	NA	NA	106835	Cypseloides	114693	Cypseloides cryptus	NA	NA	NA	NA	Zimmer, 1945	NA	NA	NA	NA	NA	NA	NA	NA	NA	NA	NA	NA	U	NA	NA	NA	NA	NA	CBOL_BIRDS_P31_C02	4.933	-59.883	NA	NA	NA	NA	NA	NA	Guyana	NA	NA	NA	NA	NA	NA	NA	NA	NA	NA	NA	NA	NA
YIO035-10	2003-0072	1365098	YIO-63553	2003-0072	Yamashina Institute for Ornithology	NA	BOLD:AAF5526	18	Chordata	51	Aves	324	Apodiformes	1470	Apodidae	NA	NA	4643	Apus	52560	Apus pacificus	NA	NA	Takema Saitoh	NA	Latham, 1802	NA	Vouchered:Registered Collection	NA	NA	NA	NA	NA	NA	NA	NA	NA	NA	F	S	NA	NA	NA	NA	NA	44.1	145.067	NA	NA	NA	NA	NA	NA	Japan	Hokkaido-chiho	Hokkaido, Shari-gun, Shari-cho	NA	NA	NA	NA	NA	NA	NA	NA	NA	NA	NA
YIO728-18	2004-0207	8671471	YIO-73097	2004-0207	Yamashina Institute for Ornithology	NA	BOLD:AAJ8912	18	Chordata	51	Aves	324	Apodiformes	1470	Apodidae	NA	NA	4643	Apus	114678	Apus nipalensis	NA	NA	Takema Saitoh	NA	Hodgson, 1837	NA	NA	NA	NA	Y.Shigeta	NA	NA	NA	NA	NA	NA	NA	M	S	NA	NA	NA	NA	NA	35.595	139.639	NA	NA	NA	NA	NA	NA	Japan	Honshu	Kanagawa Kawasaki-shi	NA	NA	NA	NA	NA	NA	NA	NA	NA	NA	NA
YIO744-18	2014-0171	8671487	YIO-72606	2014-0171	Yamashina Institute for Ornithology	NA	BOLD:AAF5526	18	Chordata	51	Aves	324	Apodiformes	1470	Apodidae	NA	NA	4643	Apus	52560	Apus pacificus	NA	NA	Takema Saitoh	NA	Latham, 1802	NA	NA	NA	NA	O.Fukaya	NA	NA	NA	NA	NA	NA	NA	M	S	NA	NA	NA	NA	NA	36.0999	133.104	NA	NA	NA	NA	NA	NA	Japan	Honshu	Shimane Oki-gun Ama-cho	Nakanoshima I.	NA	NA	NA	NA	NA	NA	NA	NA	NA	NA
YIO746-18	2014-1035	8671489	YIO-74368	2014-1035	Yamashina Institute for Ornithology	NA	BOLD:AAF5526	18	Chordata	51	Aves	324	Apodiformes	1470	Apodidae	NA	NA	4643	Apus	52560	Apus pacificus	NA	NA	Takema Saitoh	NA	Latham, 1802	NA	NA	NA	NA	NA	NA	NA	NA	NA	NA	NA	NA	F	S	NA	NA	NA	NA	NA	42.005	140.123	NA	NA	NA	NA	NA	NA	Japan	Hokkaido-chiho	Hokkaido Nishi-gun Otobe-cho	NA	NA	NA	NA	NA	NA	NA	NA	NA	NA	NA
BJNSM542-10	NSMT-DNA7280	1368895	NA	48085	Hokkaido University, Field Science Center for Northern Biosphere, Botanical Garden	NA	BOLD:AAF5526	18	Chordata	51	Aves	324	Apodiformes	1470	Apodidae	NA	NA	4643	Apus	52560	Apus pacificus	NA	NA	Isao Nishiumi	NA	Latham, 1802	NA	NA	NA	NA	NA	NA	NA	NA	NA	NA	NA	NA	M	S	NA	NA	NA	NA	NA	43.903	144.65	NA	NA	NA	NA	NA	NA	Japan	Hokkaido-chiho	Abashiri-shicho	Shari-gun, Shari-cho	NA	NA	NA	NA	NA	NA	NA	NA	NA	NA
GBIR2850-12	HM594288	2940712	NA	HM594288	Mined from GenBank, NCBI	NA	BOLD:ACB3451	18	Chordata	51	Aves	324	Apodiformes	1470	Apodidae	NA	NA	114637	Aerodramus	114642	Aerodramus fuciphagus	NA	NA	NA	NA	Thunberg, 1812	NA	NA	NA	NA	NA	NA	NA	NA	NA	NA	NA	NA	NA	NA	NA	NA	NA	NA	Touit batavicus	NA	NA	NA	NA	NA	NA	NA	NA	NA	NA	NA	NA	NA	NA	NA	NA	NA	NA	NA	NA	NA	NA
USNMA413-10	B03774	1608353	607333	95954027	Smithsonian Institution, National Museum of Natural History	NA	BOLD:AAR9957	18	Chordata	51	Aves	324	Apodiformes	1470	Apodidae	NA	NA	114637	Aerodramus	745396	Aerodramus whiteheadi	NA	NA	NA	NA	NA	NA	NA	NA	NA	NA	NA	NA	NA	NA	NA	NA	NA	F	NA	NA	NA	NA	NA	CBOL_BIRDS_P4_H05	17.85	121.983	NA	NA	NA	NA	NA	NA	Philippines	Central Luzon	NA	NA	NA	NA	NA	NA	NA	NA	NA	NA	NA	NA
USNMA414-10	B03798	1608354	607337	95954028	Smithsonian Institution, National Museum of Natural History	NA	BOLD:AAN4073	18	Chordata	51	Aves	324	Apodiformes	1470	Apodidae	NA	NA	114688	Collocalia	114691	Collocalia troglodytes	NA	NA	NA	NA	G. R. Gray, 1845	NA	NA	NA	NA	NA	NA	NA	NA	NA	NA	NA	NA	M	NA	NA	NA	NA	NA	CBOL_BIRDS_P4_H06	17.85	121.983	NA	NA	NA	NA	NA	NA	Philippines	Central Luzon	NA	NA	NA	NA	NA	NA	NA	NA	NA	NA	NA	NA
USNMA417-10	B03471	1608357	635410	95954037	Smithsonian Institution, National Museum of Natural History	NA	BOLD:AAN4072	18	Chordata	51	Aves	324	Apodiformes	1470	Apodidae	NA	NA	114688	Collocalia	313703	Collocalia marginata	863581	Collocalia marginata marginata	NA	NA	NA	NA	NA	NA	NA	NA	NA	NA	NA	NA	NA	NA	NA	M	NA	NA	NA	NA	NA	CBOL_BIRDS_P4_G10	NA	NA	NA	NA	NA	NA	NA	NA	Philippines	Cagayan	Cagayan	Babuyan Islands	NA	NA	NA	NA	NA	NA	NA	NA	NA	NA
USNMD174-11	B04039	1817520	608672	95964585	Smithsonian Institution, National Museum of Natural History	NA	BOLD:AAV9918	18	Chordata	51	Aves	324	Apodiformes	1470	Apodidae	NA	NA	114637	Aerodramus	114662	Aerodramus vanikorensis	NA	NA	NA	NA	(Quoy & Gaimard, 1830)	NA	NA	NA	NA	NA	NA	NA	NA	NA	NA	NA	NA	M	NA	NA	NA	NA	NA	CBOL_BIRDS_P13_H03	-4.55	152.95	NA	NA	NA	NA	NA	NA	Papua New Guinea	New Ireland	NA	NA	NA	NA	NA	NA	NA	NA	NA	NA	NA	NA
USNMG145-11	B16046	1881860	626947	95956297	Smithsonian Institution, National Museum of Natural History	NA	BOLD:AAV0629	18	Chordata	51	Aves	324	Apodiformes	1470	Apodidae	NA	NA	114725	Tachornis	114728	Tachornis squamata	NA	NA	NA	NA	Cassin, 1853	NA	NA	NA	NA	NA	NA	NA	NA	NA	NA	NA	NA	F	NA	NA	NA	NA	NA	CBOL_BIRDS_P20_C06	6.733	-58.217	NA	NA	NA	NA	NA	NA	Guyana	NA	NA	NA	NA	NA	NA	NA	NA	NA	NA	NA	NA	NA
USNMG147-11	B16013	1881862	622775	95956321	Smithsonian Institution, National Museum of Natural History	NA	BOLD:AAO1287	18	Chordata	51	Aves	324	Apodiformes	1470	Apodidae	NA	NA	7429	Streptoprocne	745840	Streptoprocne phelpsi	NA	NA	NA	NA	NA	NA	NA	NA	NA	NA	NA	NA	NA	NA	NA	NA	NA	M	NA	NA	NA	NA	NA	CBOL_BIRDS_P20_A06	5.517	-60.733	NA	NA	NA	NA	NA	NA	Guyana	NA	NA	NA	NA	NA	NA	NA	NA	NA	NA	NA	NA	NA
USNMJ294-11	B14058	1988709	91524	1053957701	Smithsonian Institution, National Museum of Natural History	NA	BOLD:AAK0488	18	Chordata	51	Aves	324	Apodiformes	1470	Apodidae	NA	NA	4641	Chaetura	114681	Chaetura brachyura	NA	NA	NA	NA	Jardine, 1846	NA	NA	NA	NA	NA	NA	NA	NA	NA	NA	NA	NA	M	NA	NA	NA	NA	NA	CBOL_BIRDS_P26_D03	NA	NA	NA	NA	NA	NA	NA	NA	Guyana	NA	NA	NA	NA	NA	NA	NA	NA	NA	NA	NA	NA	NA
USNMK294-11	B18963	2004348	632274	95963964	Smithsonian Institution, National Museum of Natural History	NA	BOLD:AAI0032	18	Chordata	51	Aves	324	Apodiformes	1470	Apodidae	NA	NA	7429	Streptoprocne	9915	Streptoprocne zonaris	NA	NA	NA	NA	Shaw, 1796	NA	NA	NA	NA	NA	NA	NA	NA	NA	NA	NA	NA	M	NA	NA	NA	NA	NA	CBOL_BIRDS_P30_D06	4.933	-59.883	NA	NA	NA	NA	NA	NA	Guyana	NA	NA	NA	NA	NA	NA	NA	NA	NA	NA	NA	NA	NA
YIO581-17	2012-1517	7563978	YIO-65585	2012-1517	Yamashina Institute for Ornithology	NA	BOLD:AAE4058	18	Chordata	51	Aves	324	Apodiformes	1470	Apodidae	NA	NA	52561	Hirundapus	52562	Hirundapus caudacutus	NA	NA	Takema Saitoh	NA	Latham, 1802	NA	NA	NA	NA	Y.Iwami	NA	NA	NA	NA	NA	NA	Adult	M	S	NA	NA	NA	NA	NA	43.0564	143.162	NA	NA	NA	NA	NA	NA	Japan	Hokkaido-chiho	NA	NA	NA	NA	NA	NA	NA	NA	NA	NA	NA	NA
